{"designerVersion":"1.1.7","id":"91f8001b-4162-4061-a016-3b9c5ef530ca","name":"reviewVacationRequests","type":"page","lastUpdate":1444834111073,"rows":[[{"type":"component","dimension":{"lg":12,"md":12,"sm":12,"xs":12},"propertyValues":{"cssClasses":{"type":"constant","value":""},"hidden":{"type":"constant","value":false},"requests":{"type":"variable","value":"vacationRequests"}},"reference":"f06b4a4a-9e42-4aa8-a084-3675f9962d3f","id":"customBatchReviewRequests"}],[{"type":"container","dimension":{"lg":12,"md":12,"sm":12,"xs":12},"propertyValues":{"cssClasses":{"type":"constant","value":""},"hidden":{"type":"constant","value":false},"repeatedCollection":{"type":"variable","value":"vacationRequests"}},"reference":"85a8b027-0b26-4dd5-9451-f457e518bde4","rows":[[{"type":"fragment","dimension":{"lg":12,"md":12,"sm":12,"xs":12},"propertyValues":{"cssClasses":{"type":"constant","value":""},"hidden":{"type":"constant","value":false}},"reference":"6ca11e71-1dcc-4773-8191-eb18b496b6b9","id":"e7d122c6-3394-4135-af58-aa1fff08a30b","binding":{"vacationRequest":"$item.vacationRequest","selected":"$item.$selected","review":"$item.vacationRequest"}}]]}]],"assets":[{"id":"8163065b-74c8-4396-bcf0-a00c43efff67","name":"localization.json","type":"json","order":0,"active":true}],"inactiveAssets":[],"data":{"vacationRequests":{"type":"url","value":"../API/extension/reviewRequests","exposed":false}}}