{"designerVersion":"1.1.7","id":"e7d122c6-3394-4135-af58-aa1fff08a30b","name":"vacationRequestReview","type":"fragment","lastUpdate":1444833852782,"rows":[[{"type":"component","dimension":{"lg":3,"md":4,"sm":12,"xs":12},"propertyValues":{"cssClasses":{"type":"constant","value":""},"hidden":{"type":"constant","value":false},"disabled":{"type":"constant","value":false},"required":{"type":"constant","value":false},"label":{"type":"interpolation","value":"{{vacationRequest.numberOfDays }} from {{vacationRequest.startDate  | date:'dd/MM/yy'}} to {{vacationRequest. returnDate | date:'dd/MM/yy'}}"},"value":{"type":"variable","value":"selected"}},"reference":"1c85bb1d-8317-4e62-b913-7f29cd982f39","id":"pbCheckbox"},{"type":"component","dimension":{"lg":3,"md":4,"sm":12,"xs":12},"propertyValues":{"cssClasses":{"type":"constant","value":""},"hidden":{"type":"constant","value":false},"required":{"type":"constant","value":false},"minLength":{"type":"constant","value":""},"maxLength":{"type":"constant","value":""},"readOnly":{"type":"constant","value":false},"labelHidden":{"type":"constant","value":true},"label":{"type":"interpolation","value":"Default label"},"labelPosition":{"type":"constant","value":"top"},"labelWidth":{"type":"constant","value":4},"placeholder":{"type":"interpolation"},"value":{"type":"variable","value":"review.comments"},"type":{"type":"constant","value":"text"},"min":{"type":"constant"},"max":{"type":"constant"}},"reference":"8710bf61-0800-4477-b083-512e42ea494c","id":"pbInput"},{"type":"component","dimension":{"lg":3,"md":2,"sm":12,"xs":12},"propertyValues":{"cssClasses":{"type":"constant","value":""},"hidden":{"type":"constant","value":false},"disabled":{"type":"constant","value":false},"label":{"type":"interpolation","value":"Approve"},"alignment":{"type":"constant","value":"center"},"buttonStyle":{"type":"constant","value":"primary"},"action":{"type":"constant","value":"POST"},"url":{"type":"interpolation","value":"../API/bpm/userTask/{{ $item.task.id }}/execution"},"dataToSend":{"type":"expression","value":"approved"},"dataFromSuccess":{"type":"variable"},"dataFromError":{"type":"variable"},"targetUrlOnSuccess":{"type":"interpolation"},"collectionToModify":{"type":"variable"},"collectionPosition":{"type":"constant","value":"Last"},"valueToAdd":{"type":"constant"},"removeItem":{"type":"variable"}},"reference":"e75370f3-dc0f-42ef-93b3-fc567f36c2b6","id":"pbButton"},{"type":"component","dimension":{"lg":3,"md":2,"sm":12,"xs":12},"propertyValues":{"cssClasses":{"type":"constant","value":""},"hidden":{"type":"constant","value":false},"disabled":{"type":"constant","value":false},"label":{"type":"interpolation","value":"Refuse"},"alignment":{"type":"constant","value":"center"},"buttonStyle":{"type":"constant","value":"danger"},"action":{"type":"constant","value":"POST"},"url":{"type":"interpolation","value":"../API/bpm/userTask/{{ $item.task.id }}/execution"},"dataToSend":{"type":"constant"},"dataFromSuccess":{"type":"variable"},"dataFromError":{"type":"variable","value":"refused"},"targetUrlOnSuccess":{"type":"interpolation"},"collectionToModify":{"type":"variable"},"collectionPosition":{"type":"constant","value":"Last"},"valueToAdd":{"type":"constant"},"removeItem":{"type":"variable"}},"reference":"27ab26d9-cb88-4f4c-b694-8ab233647d13","id":"pbButton"}]],"assets":[],"inactiveAssets":[],"data":{"vacationRequest":{"type":"constant","exposed":true},"approved":{"type":"expression","value":"return {\"status\": \"approved\", \"comments\": $data.review.comments || \"\"};","exposed":false},"refused":{"type":"expression","value":"return {\"status\": \"refused\", \"comments\": $data.review.comments || \"\"};","exposed":false},"selected":{"type":"constant","exposed":true},"review":{"type":"json","value":"{ \"comments\": \"\" }","exposed":true}}}