{"designerVersion":"1.1.7","id":"customBatchReviewRequests","name":"batchReviewRequests","lastUpdate":1444833837769,"template":"<div class=\"toolbar\">\n    <input type=\"checkbox\" ng-change=\"ctrl.toggleSelection(value)\" ng-model=\"value\"></input>\n    <button ng-click=\"ctrl.acceptRequests()\" ng-disabled=\"!ctrl.listSelectedTasks().length\">Accept</button>\n    <button ng-click=\"ctrl.refuseRequests()\" ng-disabled=\"!ctrl.listSelectedTasks().length\">Refuse</button>\n</div>\n","controller":"function BatchReviewRequestController($scope, $http) {\n    var vm = this;\n\n    vm.toggleSelection = function (value) {\n        $scope.properties.requests.forEach(function (request) {\n            request.$selected = value;\n        });\n    };\n\n    vm.acceptRequests = function () {\n        vm.listSelectedTasks().forEach(executeTask.bind(null, 'approved'));\n    };\n\n    vm.refuseRequests = function () {\n        vm.listSelectedTasks().forEach(executeTask.bind(null, 'refused'));\n    };\n\n    vm.listSelectedTasks = function() {\n        return $scope.properties.requests && $scope.properties.requests\n            .filter(function isSelected(request) {\n                return request.$selected;\n            });\n    };\n\n    function executeTask(status, request) {\n        $http.post('../API/bpm/userTask/' + request.task.id + '/execution', {\n            status: status,\n            comments: request.vacationRequest.comments || ''\n        });\n    }\n}\n","custom":true,"properties":[{"label":"Requests","name":"requests","bond":"variable"}],"assets":[{"name":"style.css","type":"css","order":1}]}