{"designerVersion":"1.1.7","id":"c3b4d436-b75d-4ded-940e-ca7aca71dacc","name":"reviewRequestListing","type":"page","lastUpdate":1446139182025,"rows":[[{"type":"component","dimension":{"lg":12,"md":12,"sm":12,"xs":12},"propertyValues":{"cssClasses":{"type":"constant","value":""},"hidden":{"type":"constant","value":false},"requests":{"type":"variable","value":"reviewRequests"}},"reference":"b8101c95-ed86-43d5-a519-3ca6299c9486","id":"customBatchReviewRequests"}],[{"type":"container","dimension":{"lg":12,"md":12,"sm":12,"xs":12},"propertyValues":{"cssClasses":{"type":"constant","value":""},"hidden":{"type":"constant","value":false},"repeatedCollection":{"type":"variable","value":"reviewRequests"}},"reference":"cc33bfda-7c68-4112-9bb7-d36f5bc79d19","rows":[[{"type":"component","dimension":{"lg":3,"md":4,"sm":12,"xs":12},"propertyValues":{"cssClasses":{"type":"constant","value":""},"hidden":{"type":"constant","value":false},"disabled":{"type":"constant","value":false},"required":{"type":"constant","value":false},"label":{"type":"interpolation","value":"{{ $item.vacationRequest.numberOfDays }} days from {{ $item.vacationRequest.startDate | date:'dd/MM/yy' }} to {{ $item.vacationRequest.returnDate | date:'dd/MM/yy'}}"},"value":{"type":"variable","value":"$item.$selected"}},"reference":"c2d52d4f-f6f7-4648-bc6f-3fe6d3c1e34a","id":"pbCheckbox"},{"type":"component","dimension":{"lg":3,"md":4,"sm":12,"xs":12},"propertyValues":{"cssClasses":{"type":"constant","value":""},"hidden":{"type":"constant","value":false},"readOnly":{"type":"constant","value":false},"required":{"type":"constant","value":false},"minLength":{"type":"constant","value":""},"maxLength":{"type":"constant","value":""},"labelHidden":{"type":"constant","value":true},"label":{"type":"interpolation","value":"Default label"},"labelPosition":{"type":"constant","value":"top"},"labelWidth":{"type":"constant","value":4},"value":{"type":"variable","value":"$item.vacationRequest.comments"}},"reference":"098d760c-7515-483c-990c-1e65d8dd9b9a","id":"pbTextarea"},{"type":"component","dimension":{"lg":3,"md":2,"sm":12,"xs":12},"propertyValues":{"cssClasses":{"type":"constant","value":""},"hidden":{"type":"constant","value":false},"disabled":{"type":"constant","value":false},"label":{"type":"interpolation","value":"Approve"},"alignment":{"type":"constant","value":"center"},"buttonStyle":{"type":"constant","value":"primary"},"action":{"type":"constant","value":"POST"},"url":{"type":"interpolation","value":"../API/bpm/userTask/{{ $item.task.id }}/execution"},"dataToSend":{"type":"expression","value":"{ status: 'approved', comments: $item.vacationRequest.comments }"},"dataFromSuccess":{"type":"variable"},"dataFromError":{"type":"variable"},"targetUrlOnSuccess":{"type":"interpolation","value":"#reload={{timestamp}}"},"collectionToModify":{"type":"variable"},"collectionPosition":{"type":"constant","value":"Last"},"valueToAdd":{"type":"constant"},"removeItem":{"type":"variable"}},"reference":"04589415-daa5-445c-aa73-5e53261de938","id":"pbButton"},{"type":"component","dimension":{"lg":3,"md":2,"sm":12,"xs":12},"propertyValues":{"cssClasses":{"type":"constant","value":""},"hidden":{"type":"constant","value":false},"disabled":{"type":"constant","value":false},"label":{"type":"interpolation","value":"Refuse"},"alignment":{"type":"constant","value":"center"},"buttonStyle":{"type":"constant","value":"danger"},"action":{"type":"constant","value":"POST"},"url":{"type":"interpolation","value":"../API/bpm/userTask/{{ $item.task.id }}/execution"},"dataToSend":{"type":"expression","value":"{ status: 'refused', comments: $item.vacationRequest.comments }"},"dataFromSuccess":{"type":"variable"},"dataFromError":{"type":"variable"},"targetUrlOnSuccess":{"type":"interpolation","value":"#reload={{timestamp}}"},"collectionToModify":{"type":"variable"},"collectionPosition":{"type":"constant","value":"Last"},"valueToAdd":{"type":"constant"},"removeItem":{"type":"variable"}},"reference":"1431dd07-6aaf-4e36-a36b-fea7a59111ba","id":"pbButton"}]]}],[{"type":"component","dimension":{"lg":12,"md":12,"sm":12,"xs":12},"propertyValues":{"cssClasses":{"type":"constant","value":""},"hidden":{"type":"constant","value":false},"text":{"type":"interpolation","value":"Debug: {{ reviewRequests | json }}"},"alignment":{"type":"constant","value":"left"}},"reference":"4346fbe5-6777-412f-b767-734971e1f736","id":"pbText"}]],"assets":[{"id":"244f47de-d228-434c-bb56-6889b4d2d02d","name":"localization.json","type":"json","order":0,"active":true}],"inactiveAssets":[],"data":{"reviewRequests":{"type":"url","value":"../API/extension/reviewRequests","exposed":false},"timestamp":{"type":"expression","value":"return new Date();","exposed":false}}}